{
    "loss": 40.011863708496094,
    "accuracy": 0.4313725531101227
}