{
    "loss": 2.1225476264953613,
    "accuracy": 0.5980392098426819
}