{
    "loss": 1.7994177341461182,
    "accuracy": 0.7843137383460999
}