{
    "loss": 21.469482421875,
    "accuracy": 0.4313725531101227
}